cvegeo,business_density_km2,cluster,p_sim,indicator,crime_rate_per_1k
0900600010700,781.5442561205273,HH,0.021,business_density_km2,
090060001072A,841.7085427135678,HH,0.018,business_density_km2,
0900700012140,1006.6900286715514,HH,0.046,business_density_km2,
0900700012719,1083.71854134566,HH,0.047,business_density_km2,
0900700014217,1017.3410404624278,HH,0.049,business_density_km2,
0900700015499,1580.2469135802469,HH,0.049,business_density_km2,
0901300010122,870.1657458563536,HH,0.023,business_density_km2,
0901300010230,2061.0982211910286,HH,0.014,business_density_km2,
0901300010245,2071.869736103313,HH,0.017,business_density_km2,
090130001025A,888.4026258205689,HH,0.018,business_density_km2,
0901400010030,850.3732554365466,HH,0.048,business_density_km2,
0901400010204,832.9913828477636,HH,0.048,business_density_km2,
0901400010219,3088.2352941176473,HH,0.044,business_density_km2,
0901400010384,1139.8008115086684,HH,0.04,business_density_km2,
0901500010023,944.6450060168472,HH,0.043,business_density_km2,
0901500010038,1026.4227642276423,HH,0.045,business_density_km2,
0901500010108,1072.992700729927,HH,0.022,business_density_km2,
0901500010146,1250.0,HH,0.025,business_density_km2,
0901500010150,2327.8370514064018,HH,0.036,business_density_km2,
0901500010165,1261.1073137388926,HH,0.007,business_density_km2,
0901500010339,1140.2231926249394,HH,0.022,business_density_km2,
0901500010343,2995.4876778896214,HH,0.007,business_density_km2,
0901500010358,4501.935938049982,HH,0.008,business_density_km2,
0901500010536,5238.461538461538,HH,0.042,business_density_km2,
0901500010540,2471.4548802946592,HH,0.002,business_density_km2,
0901500010574,1096.9674279296144,HH,0.008,business_density_km2,
0901500010589,6785.555060187249,HH,0.001,business_density_km2,
0901500010610,1032.9205678042888,HH,0.036,business_density_km2,
090150001063A,858.5476550680786,HH,0.002,business_density_km2,
0901500010644,3339.313747477013,HH,0.002,business_density_km2,
0901500010659,9281.588447653428,HH,0.001,business_density_km2,
0901500010663,13856.138453217955,HH,0.001,business_density_km2,
0901500010678,994.5027486256871,HH,0.039,business_density_km2,
0901500010748,5960.984969619444,HH,0.001,business_density_km2,
0901500010752,6035.32506576475,HH,0.001,business_density_km2,
0901500010767,8264.788732394367,HH,0.001,business_density_km2,
0901500010771,8029.428736295441,HH,0.001,business_density_km2,
0901500010786,6518.518518518518,HH,0.001,business_density_km2,
0901500010790,1148.8511488511488,HH,0.015,business_density_km2,
0901500010803,1463.8327048337333,HH,0.008,business_density_km2,
0901500010818,8707.738542449286,HH,0.001,business_density_km2,
0901500010822,1311.9834710743803,HH,0.035,business_density_km2,
0901500010837,2290.6793048973145,HH,0.049,business_density_km2,
0901500010841,1639.275179098188,HH,0.022,business_density_km2,
0901500010856,2010.0344935716525,HH,0.044,business_density_km2,
0901500010860,1981.424148606811,HH,0.005,business_density_km2,
0901500010875,4825.259098577971,HH,0.001,business_density_km2,
090150001088A,8348.284960422163,HH,0.001,business_density_km2,
0901500010894,3700.7874015748034,HH,0.001,business_density_km2,
0901500010907,7534.948741845293,HH,0.001,business_density_km2,
0901500010911,5009.264978381718,HH,0.001,business_density_km2,
0901500010926,1360.544217687075,HH,0.04,business_density_km2,
0901500010930,1889.0554722638683,HH,0.041,business_density_km2,
0901500010945,1553.1437125748503,HH,0.017,business_density_km2,
090150001095A,3412.4629080118693,HH,0.028,business_density_km2,
0901500010964,5259.884495779654,HH,0.003,business_density_km2,
0901500010979,3725.0453720508167,HH,0.001,business_density_km2,
0901500010983,2009.1673032849505,HH,0.027,business_density_km2,
0901500010998,1857.1428571428569,HH,0.017,business_density_km2,
0901500011002,1585.9714463066418,HH,0.009,business_density_km2,
0901500011017,1712.3112362426414,HH,0.019,business_density_km2,
0901500011036,972.7626459143969,HH,0.005,business_density_km2,
0901500011040,1085.1183765501692,HH,0.005,business_density_km2,
0901500011055,1007.529580494801,HH,0.007,business_density_km2,
090150001106A,826.3305322128851,HH,0.009,business_density_km2,
0901500011074,1265.2492157546185,HH,0.001,business_density_km2,
0901500011093,1321.499013806706,HH,0.039,business_density_km2,
0901500011106,1771.0196779964224,HH,0.035,business_density_km2,
0901500011125,1195.270054330457,HH,0.023,business_density_km2,
0901500011144,1359.32944606414,HH,0.022,business_density_km2,
090150001120A,1650.6410256410256,HH,0.009,business_density_km2,
0901500011214,2027.8694536120279,HH,0.007,business_density_km2,
0901500011248,1169.73618715779,HH,0.009,business_density_km2,
0901500011252,1548.488008342023,HH,0.016,business_density_km2,
0901500011267,1115.6741957563313,HH,0.032,business_density_km2,
0901500011271,1256.8306010928961,HH,0.046,business_density_km2,
0901500011341,2002.9400955531055,HH,0.012,business_density_km2,
0901500011356,4647.302904564315,HH,0.011,business_density_km2,
0901500011360,2736.6863905325445,HH,0.017,business_density_km2,
0901500011375,1278.6259541984732,HH,0.044,business_density_km2,
0901500011394,1484.304932735426,HH,0.026,business_density_km2,
0901500011407,3163.793103448276,HH,0.04,business_density_km2,
0901500011426,909.6459096459097,HH,0.039,business_density_km2,
0901500011430,1622.1374045801526,HH,0.014,business_density_km2,
0901500011445,1775.456919060052,HH,0.005,business_density_km2,
090150001145A,1580.9935205183585,HH,0.018,business_density_km2,
0901500011464,938.6548410938655,HH,0.014,business_density_km2,
0901500011483,1438.1270903010031,HH,0.046,business_density_km2,
0901500011498,3170.478170478171,HH,0.03,business_density_km2,
0901500011534,1282.9650748396293,HH,0.006,business_density_km2,
0901600010656,855.6925308194343,HH,0.025,business_density_km2,
0901600010711,1080.322693791652,HH,0.043,business_density_km2,
0901600010779,985.7612267250822,HH,0.032,business_density_km2,
090160001118A,1210.287443267776,HH,0.035,business_density_km2,
0901600011194,2843.0353430353434,HH,0.045,business_density_km2,
0901600011211,799.2351816443594,HH,0.046,business_density_km2,
0901600011226,2009.3457943925234,HH,0.02,business_density_km2,
0901700010155,1658.3982990786676,HH,0.029,business_density_km2,
0901700010210,919.0505173463177,HH,0.004,business_density_km2,
0901700010367,1122.5728155339805,HH,0.003,business_density_km2,
090170001048A,967.741935483871,HH,0.001,business_density_km2,
0901700010579,4394.160583941605,HH,0.001,business_density_km2,
0901700010583,11361.141602634467,HH,0.001,business_density_km2,
0901700010687,22207.142857142855,HH,0.001,business_density_km2,
0901700010691,6199.203187250996,HH,0.001,business_density_km2,
0901700010899,3410.714285714286,HH,0.001,business_density_km2,
0901700010901,907.0548712206047,HH,0.009,business_density_km2,
0901700011327,809.8159509202453,HH,0.016,business_density_km2,
0901700011401,1573.8498789346247,HH,0.013,business_density_km2,
0900200010167,1215.9814707585408,HL,0.045,business_density_km2,
0900200011112,908.4967320261438,HL,0.019,business_density_km2,
0900300010164,848.8676629178863,HL,0.046,business_density_km2,
0900300010249,1420.6437291897892,HL,0.011,business_density_km2,
090030001086A,844.9916060436486,HL,0.012,business_density_km2,
0900300011586,1257.142857142857,HL,0.002,business_density_km2,
0900300011694,1324.977618621307,HL,0.037,business_density_km2,
0900400010091,1229.3238057430196,HL,0.012,business_density_km2,
0900500010099,1323.3830845771145,HL,0.03,business_density_km2,
0900500010559,1529.8507462686566,HL,0.019,business_density_km2,
090050001060A,1268.7726566545832,HL,0.027,business_density_km2,
090050001224A,885.398072117101,HL,0.02,business_density_km2,
0900500012324,812.5,HL,0.021,business_density_km2,
0900500012409,969.3705822955235,HL,0.049,business_density_km2,
0900500012837,776.0141093474426,HL,0.031,business_density_km2,
0900700011867,945.2577975811586,HL,0.033,business_density_km2,
090070001426A,1627.0290675726687,HL,0.04,business_density_km2,
0900700015484,1606.3199473337722,HL,0.004,business_density_km2,
0900800010334,976.7141009055629,HL,0.045,business_density_km2,
0901000010578,1295.8752841831763,HL,0.019,business_density_km2,
0901000010864,876.2659621312198,HL,0.028,business_density_km2,
0901000011222,1015.9651669085631,HL,0.025,business_density_km2,
0901000012199,923.2096635030198,HL,0.006,business_density_km2,
0901100010147,843.2601880877743,HL,0.032,business_density_km2,
0901100011319,939.7590361445783,HL,0.001,business_density_km2,
0901200010360,973.0722154222767,HL,0.028,business_density_km2,
0901200010375,789.6924355777223,HL,0.028,business_density_km2,
0901200010657,780.3468208092486,HL,0.023,business_density_km2,
090120001091A,1178.0673181324646,HL,0.035,business_density_km2,
0901200011937,824.3727598566309,HL,0.025,business_density_km2,
0901300010353,1194.0708207521272,HL,0.008,business_density_km2,
0901600010957,3129.770992366412,HL,0.01,business_density_km2,
0901600011245,3505.61797752809,HL,0.001,business_density_km2,
0900600010236,613.2264529058116,LH,0.027,business_density_km2,
0900600010255,718.7112763320943,LH,0.048,business_density_km2,
0900600010471,664.819944598338,LH,0.019,business_density_km2,
0901300010211,716.1526398327235,LH,0.019,business_density_km2,
0901300010688,455.5605180884324,LH,0.044,business_density_km2,
0901400010045,733.3615938957186,LH,0.039,business_density_km2,
0901500010451,189.50437317784258,LH,0.044,business_density_km2,
0901500010502,682.9100892244338,LH,0.021,business_density_km2,
0901500010733,702.5547445255474,LH,0.01,business_density_km2,
0901500011197,681.2879141390574,LH,0.047,business_density_km2,
0901500011229,234.84544359694902,LH,0.025,business_density_km2,
0901500011411,746.6579719595696,LH,0.039,business_density_km2,
0901500011500,625.920471281296,LH,0.024,business_density_km2,
090150001152A,405.65457897971726,LH,0.036,business_density_km2,
0901600010162,699.1150442477876,LH,0.026,business_density_km2,
0901600010641,604.2780748663101,LH,0.043,business_density_km2,
0901600010783,449.0546218487395,LH,0.044,business_density_km2,
0901600010798,246.43365381277985,LH,0.045,business_density_km2,
0901600011207,754.2067307692308,LH,0.019,business_density_km2,
0901700010032,593.8135019191691,LH,0.01,business_density_km2,
0901700010066,614.8590947907771,LH,0.049,business_density_km2,
0901700010189,457.5892857142857,LH,0.039,business_density_km2,
0901700010244,360.86309523809524,LH,0.045,business_density_km2,
0901700010390,640.1551891367604,LH,0.04,business_density_km2,
0901700010598,148.566645741787,LH,0.008,business_density_km2,
0901700010704,125.72205232755691,LH,0.001,business_density_km2,
0901700011045,569.3581780538302,LH,0.039,business_density_km2,
0901700011312,528.4015852047556,LH,0.024,business_density_km2,
0900200010097,513.7186223000583,LL,0.04,business_density_km2,
0900200010129,477.71979124849463,LL,0.03,business_density_km2,
090020001035A,106.1586562931724,LL,0.012,business_density_km2,
0900200010519,497.907949790795,LL,0.018,business_density_km2,
0900200010650,738.2699577496109,LL,0.044,business_density_km2,
0900200010877,294.1466785114994,LL,0.007,business_density_km2,
0900200010896,56.497175141242934,LL,0.031,business_density_km2,
0900200010909,27.027027027027028,LL,0.002,business_density_km2,
0900200010932,113.19046181708421,LL,0.037,business_density_km2,
0900200010966,316.9907016060862,LL,0.002,business_density_km2,
0900200011131,61.57635467980296,LL,0.027,business_density_km2,
0900200011150,230.06134969325154,LL,0.04,business_density_km2,
0900200011165,283.4297989140164,LL,0.041,business_density_km2,
090030001008A,72.85974499089252,LL,0.013,business_density_km2,
0900300010179,262.9310344827586,LL,0.045,business_density_km2,
0900300010198,202.54818686703692,LL,0.012,business_density_km2,
0900300010200,253.723110865968,LL,0.006,business_density_km2,
0900300010272,69.01013586370499,LL,0.046,business_density_km2,
0900300010323,316.2236480293309,LL,0.017,business_density_km2,
0900300010427,47.27014890096904,LL,0.032,business_density_km2,
0900300010484,245.4473475851148,LL,0.02,business_density_km2,
0900300010696,320.75471698113205,LL,0.028,business_density_km2,
0900300010713,319.4053836882282,LL,0.049,business_density_km2,
0900300010770,106.57316684451959,LL,0.044,business_density_km2,
0900300010889,306.8951773614986,LL,0.044,business_density_km2,
0900300010893,363.232023721275,LL,0.003,business_density_km2,
0900300011020,243.21466337680647,LL,0.028,business_density_km2,
0900300011073,151.95791934541205,LL,0.026,business_density_km2,
0900300011105,204.0270252190782,LL,0.001,business_density_km2,
0900300011139,299.4791666666667,LL,0.012,business_density_km2,
0900300011213,695.0284442245858,LL,0.049,business_density_km2,
0900300011340,375.9942154736081,LL,0.02,business_density_km2,
0900300011355,132.86713286713288,LL,0.018,business_density_km2,
0900300011410,151.65624584275642,LL,0.012,business_density_km2,
0900300011529,228.65013774104685,LL,0.001,business_density_km2,
0900300011533,10.989010989010989,LL,0.002,business_density_km2,
0900300011548,23.752969121140143,LL,0.041,business_density_km2,
0900300011552,196.72131147540983,LL,0.037,business_density_km2,
0900300011571,143.41590612777054,LL,0.011,business_density_km2,
0900300011675,472.04270862601857,LL,0.007,business_density_km2,
0900400010049,26.383566806960236,LL,0.009,business_density_km2,
0900400010138,493.36440076993216,LL,0.001,business_density_km2,
0900400010176,199.3206114496953,LL,0.001,business_density_km2,
0900400010180,129.71823498139287,LL,0.002,business_density_km2,
0900400010195,297.2183411660104,LL,0.001,business_density_km2,
0900400010227,215.18620489784087,LL,0.002,business_density_km2,
0900400010250,88.01062769843907,LL,0.018,business_density_km2,
0900400010320,122.45479139968674,LL,0.011,business_density_km2,
0900400010369,410.0206120183922,LL,0.001,business_density_km2,
0900400010373,90.28987802946301,LL,0.006,business_density_km2,
090050001014A,544.5761967501097,LL,0.049,business_density_km2,
0900500010277,339.92583436341164,LL,0.039,business_density_km2,
0900500010281,196.75925925925924,LL,0.018,business_density_km2,
0900500010351,530.6122448979592,LL,0.037,business_density_km2,
0900500010493,447.1931493815414,LL,0.017,business_density_km2,
0900500010510,466.80080482897387,LL,0.007,business_density_km2,
0900500010614,115.60693641618498,LL,0.039,business_density_km2,
0900500010718,47.59532901654768,LL,0.024,business_density_km2,
0900500010794,343.21372854914193,LL,0.033,business_density_km2,
0900500010883,583.0903790087464,LL,0.001,business_density_km2,
0900500010900,45.04504504504504,LL,0.041,business_density_km2,
090050001092A,688.6715566422167,LL,0.007,business_density_km2,
0900500012127,475.094181665969,LL,0.026,business_density_km2,
0900500012381,262.4955052139518,LL,0.035,business_density_km2,
0900500012536,7.075575996108434,LL,0.009,business_density_km2,
0900500012875,239.70818134445025,LL,0.005,business_density_km2,
090050001288A,88.49557522123894,LL,0.01,business_density_km2,
0900500013125,284.3016069221261,LL,0.003,business_density_km2,
090050001313A,277.2466539196941,LL,0.027,business_density_km2,
0900500013303,129.94350282485877,LL,0.035,business_density_km2,
0900500013322,352.46140401980773,LL,0.007,business_density_km2,
090050001338A,166.8092386655261,LL,0.005,business_density_km2,
0900500013430,40.6317351517507,LL,0.009,business_density_km2,
0900500013445,258.28460038986356,LL,0.007,business_density_km2,
0900700010657,125.0,LL,0.038,business_density_km2,
0900700010816,107.94140323824209,LL,0.012,business_density_km2,
0900700012511,139.2405063291139,LL,0.019,business_density_km2,
0900700014452,546.3414634146342,LL,0.024,business_density_km2,
0900700014467,312.9251700680272,LL,0.034,business_density_km2,
0900700014471,194.31988041853512,LL,0.004,business_density_km2,
0900700014965,158.56457333611516,LL,0.046,business_density_km2,
0900700015200,621.4500501169395,LL,0.034,business_density_km2,
0900700015376,51.90311418685121,LL,0.016,business_density_km2,
090070001561A,0.0,LL,0.035,business_density_km2,
090070001586A,370.3703703703704,LL,0.007,business_density_km2,
0900700015874,295.56650246305423,LL,0.024,business_density_km2,
0900700015893,439.5604395604396,LL,0.025,business_density_km2,
0900800010014,300.9134873723805,LL,0.001,business_density_km2,
0900800010033,290.90909090909093,LL,0.024,business_density_km2,
0900800010052,73.9856801909308,LL,0.002,business_density_km2,
0900800010067,0.0,LL,0.02,business_density_km2,
0900800010071,210.77283372365338,LL,0.032,business_density_km2,
0900800010086,299.6212965025618,LL,0.002,business_density_km2,
0900800010118,56.384353341947616,LL,0.004,business_density_km2,
0900800010122,289.41355674028944,LL,0.042,business_density_km2,
0900800010461,266.98763540868805,LL,0.035,business_density_km2,
0900900010308,229.05293140280085,LL,0.012,business_density_km2,
0900900010562,95.28585757271816,LL,0.049,business_density_km2,
0901000010205,0.0,LL,0.036,business_density_km2,
090100001021A,0.0,LL,0.002,business_density_km2,
0901000010224,0.0,LL,0.007,business_density_km2,
0901000010703,107.5268817204301,LL,0.019,business_density_km2,
0901000010718,42.5531914893617,LL,0.025,business_density_km2,
090100001078A,93.16770186335404,LL,0.003,business_density_km2,
0901000010794,45.04504504504504,LL,0.004,business_density_km2,
0901000010915,59.11636589919104,LL,0.043,business_density_km2,
0901000010949,221.16903633491313,LL,0.002,business_density_km2,
0901000010953,215.9090909090909,LL,0.004,business_density_km2,
0901000010968,284.92451626621306,LL,0.003,business_density_km2,
0901000011010,120.98298676748581,LL,0.002,business_density_km2,
0901000011025,35.39992345962496,LL,0.008,business_density_km2,
090100001103A,172.55110167241838,LL,0.001,business_density_km2,
0901000011063,154.71167369901548,LL,0.041,business_density_km2,
0901000011078,538.1165919282512,LL,0.011,business_density_km2,
090100001110A,181.84718455894082,LL,0.04,business_density_km2,
0901000011148,41.12071368831893,LL,0.001,business_density_km2,
0901000011152,21.645021645021647,LL,0.012,business_density_km2,
0901000011171,172.7595249113065,LL,0.001,business_density_km2,
0901000011186,213.1741632914091,LL,0.044,business_density_km2,
0901000011218,130.00702740688686,LL,0.043,business_density_km2,
0901000011260,200.14503263234226,LL,0.003,business_density_km2,
0901000011275,32.74915914321119,LL,0.001,business_density_km2,
0901000011294,30.20654747326312,LL,0.009,business_density_km2,
0901000011307,147.2809667673716,LL,0.001,business_density_km2,
0901000011330,127.97415667515686,LL,0.028,business_density_km2,
0901000011345,729.606188466948,LL,0.004,business_density_km2,
090100001135A,698.5074626865671,LL,0.002,business_density_km2,
0901000011379,158.20509132748452,LL,0.002,business_density_km2,
0901000011472,280.03089996137504,LL,0.036,business_density_km2,
0901000011542,500.10269049086054,LL,0.019,business_density_km2,
0901000011684,358.5407859715046,LL,0.032,business_density_km2,
090100001174A,520.2863961813842,LL,0.023,business_density_km2,
0901000011769,94.12079578909804,LL,0.001,business_density_km2,
0901000011843,222.2222222222222,LL,0.002,business_density_km2,
0901000011858,147.69879994725042,LL,0.001,business_density_km2,
0901000011881,36.76470588235294,LL,0.001,business_density_km2,
0901000012019,590.1774659513001,LL,0.011,business_density_km2,
0901000012184,130.4631441617743,LL,0.032,business_density_km2,
0901000012201,288.6405959031658,LL,0.029,business_density_km2,
0901000012216,89.97000999666778,LL,0.013,business_density_km2,
0901000012254,166.0079051383399,LL,0.009,business_density_km2,
0901000012269,54.53501722158439,LL,0.002,business_density_km2,
0901000012273,3.3400133600534403,LL,0.017,business_density_km2,
0901000012292,219.18732085651664,LL,0.001,business_density_km2,
0901000012324,521.3270142180095,LL,0.029,business_density_km2,
0901000012358,63.702900515044725,LL,0.022,business_density_km2,
0901100010274,512.5408942202835,LL,0.015,business_density_km2,
0901100010378,468.95353886235347,LL,0.036,business_density_km2,
0901100010575,406.37450199203187,LL,0.024,business_density_km2,
0901100011075,704.9891540130152,LL,0.024,business_density_km2,
0901100011380,72.27174174897614,LL,0.023,business_density_km2,
0901100011446,539.3165911897901,LL,0.029,business_density_km2,
0901100011450,235.33544081489285,LL,0.021,business_density_km2,
0901100011535,81.1642877134061,LL,0.009,business_density_km2,
0901200010017,380.26256224535985,LL,0.049,business_density_km2,
0901200010074,211.75123998473865,LL,0.001,business_density_km2,
0901200010089,75.54296506137867,LL,0.006,business_density_km2,
0901200010093,141.19091467157767,LL,0.02,business_density_km2,
0901200010106,34.28179636612958,LL,0.004,business_density_km2,
0901200010341,452.6204340921122,LL,0.04,business_density_km2,
0901200010426,417.8324939376982,LL,0.026,business_density_km2,
0901200010430,626.4265787471469,LL,0.026,business_density_km2,
0901200010483,333.23919796667604,LL,0.045,business_density_km2,
0901200010498,706.5385807251317,LL,0.024,business_density_km2,
0901200010534,380.7509254362771,LL,0.026,business_density_km2,
0901200010661,20.55921052631579,LL,0.041,business_density_km2,
0901200010695,294.84029484029486,LL,0.045,business_density_km2,
0901200010727,219.5121951219512,LL,0.015,business_density_km2,
0901200010746,160.47297297297297,LL,0.033,business_density_km2,
0901200010750,105.48523206751055,LL,0.01,business_density_km2,
0901200010765,211.53846153846155,LL,0.047,business_density_km2,
0901200010869,355.54385040821705,LL,0.006,business_density_km2,
0901200010892,303.7323037323037,LL,0.03,business_density_km2,
0901200010958,576.5253360910032,LL,0.034,business_density_km2,
0901200010962,466.1016949152542,LL,0.023,business_density_km2,
0901200010977,112.14507277499405,LL,0.004,business_density_km2,
0901200010981,132.41106719367588,LL,0.007,business_density_km2,
0901200010996,381.41470180305134,LL,0.015,business_density_km2,
090120001102A,485.3205512282804,LL,0.009,business_density_km2,
0901200011034,37.5234521575985,LL,0.016,business_density_km2,
0901200011049,0.0,LL,0.001,business_density_km2,
0901200011053,6.361323155216285,LL,0.034,business_density_km2,
0901200011068,387.95070743952533,LL,0.01,business_density_km2,
0901200011161,566.3672654690619,LL,0.04,business_density_km2,
0901200011195,283.98588472525626,LL,0.003,business_density_km2,
0901200011212,571.8667835232253,LL,0.001,business_density_km2,
0901200011424,710.2728731942215,LL,0.035,business_density_km2,
0901200011462,340.0689995071464,LL,0.031,business_density_km2,
0901200011547,46.916890080428956,LL,0.01,business_density_km2,
0901200011570,177.83291976840366,LL,0.002,business_density_km2,
0901200011585,11.906533710373566,LL,0.001,business_density_km2,
090120001159A,65.99543108554023,LL,0.001,business_density_km2,
0901200011602,133.68381524596322,LL,0.001,business_density_km2,
0901200011617,106.10273671886434,LL,0.001,business_density_km2,
0901200011621,50.216688450161655,LL,0.002,business_density_km2,
0901200011636,69.74890394579513,LL,0.028,business_density_km2,
0901200011640,117.5159558302097,LL,0.003,business_density_km2,
0901200011655,37.53518923991242,LL,0.008,business_density_km2,
0901200011744,44.42684965250286,LL,0.001,business_density_km2,
0901200011759,0.0,LL,0.001,business_density_km2,
0901200011890,346.0912052117264,LL,0.038,business_density_km2,
0901200011956,133.7839740881566,LL,0.001,business_density_km2,
0901200011960,29.28505054487089,LL,0.017,business_density_km2,
0901200011975,382.8623518687329,LL,0.041,business_density_km2,
0901200011994,625.0,LL,0.032,business_density_km2,
0901200012009,270.54333183655143,LL,0.036,business_density_km2,
0901200012013,453.18512184694316,LL,0.001,business_density_km2,
0901200012070,92.70246217739543,LL,0.005,business_density_km2,
0901200012102,165.50202280250093,LL,0.007,business_density_km2,
0901200012121,123.58007739358382,LL,0.001,business_density_km2,
0901200012136,526.6711681296421,LL,0.003,business_density_km2,
0901200012140,171.05871474803513,LL,0.035,business_density_km2,
0901200012155,10.671615821830413,LL,0.001,business_density_km2,
0901200012259,398.981324278438,LL,0.005,business_density_km2,
0901200012263,739.7504456327986,LL,0.028,business_density_km2,
0901200012348,20.28397565922921,LL,0.043,business_density_km2,
0901200012352,3.4240712206813906,LL,0.01,business_density_km2,
0901200012371,0.0,LL,0.001,business_density_km2,
0901200012386,0.0,LL,0.014,business_density_km2,
0901200012441,117.96116504854369,LL,0.001,business_density_km2,
0901200012456,197.189007761695,LL,0.003,business_density_km2,
0901300010014,435.63579277864994,LL,0.001,business_density_km2,
0901300010029,129.2810161034248,LL,0.016,business_density_km2,
0901300010052,192.3899102180419,LL,0.002,business_density_km2,
0901300010067,300.7583591864874,LL,0.005,business_density_km2,
0901300010090,132.31666292890782,LL,0.033,business_density_km2,
0901300010175,63.80806533945891,LL,0.024,business_density_km2,
0901300010194,43.196544276457885,LL,0.009,business_density_km2,
0901300010207,711.1501316944688,LL,0.002,business_density_km2,
0901300010279,274.3945121097578,LL,0.034,business_density_km2,
0901300010283,211.69848262359275,LL,0.044,business_density_km2,
0901300010298,359.2880978865406,LL,0.022,business_density_km2,
0901300010300,324.82598607888633,LL,0.001,business_density_km2,
0901300010372,418.1677817807514,LL,0.002,business_density_km2,
0901300010387,434.14395299494043,LL,0.006,business_density_km2,
0901300010391,275.22935779816515,LL,0.006,business_density_km2,
0901300010438,148.78621769772906,LL,0.008,business_density_km2,
0901300010461,197.48653500897666,LL,0.001,business_density_km2,
0901300010495,506.56660412757975,LL,0.021,business_density_km2,
0901300010508,134.43899987435606,LL,0.004,business_density_km2,
0901300010527,401.8119285294858,LL,0.007,business_density_km2,
0901300010599,79.71241012816505,LL,0.036,business_density_km2,
0901300010601,330.8080808080808,LL,0.001,business_density_km2,
090130001064A,141.93096197652008,LL,0.028,business_density_km2,
0901300010654,184.67220683287167,LL,0.002,business_density_km2,
0901300010669,190.3874317667421,LL,0.001,business_density_km2,
0901300010692,177.22066133563865,LL,0.01,business_density_km2,
0901300010705,45.36862003780718,LL,0.041,business_density_km2,
090130001071A,52.50403877221325,LL,0.046,business_density_km2,
0901300010724,9.213759213759214,LL,0.028,business_density_km2,
0901300010739,63.29113924050633,LL,0.027,business_density_km2,
0901300010743,480.78708000742535,LL,0.001,business_density_km2,
0901300010758,75.31022678647838,LL,0.001,business_density_km2,
0901300010762,71.11482953357037,LL,0.001,business_density_km2,
0901300010777,94.68114731272627,LL,0.002,business_density_km2,
0901300010809,31.29445234708393,LL,0.024,business_density_km2,
0901300010813,144.12416851441242,LL,0.006,business_density_km2,
0901300010828,99.4865211810013,LL,0.025,business_density_km2,
0901300010832,67.75832862789385,LL,0.015,business_density_km2,
0901300010847,9.867172675521822,LL,0.003,business_density_km2,
0901300010851,49.93612820810591,LL,0.002,business_density_km2,
0901300010866,99.71953879713305,LL,0.027,business_density_km2,
0901300010870,104.71204188481676,LL,0.008,business_density_km2,
0901300010885,6.425909266161161,LL,0.043,business_density_km2,
090130001089A,24.60299709237307,LL,0.002,business_density_km2,
0901300011031,226.4858626658973,LL,0.019,business_density_km2,
0901300011135,211.9517221077421,LL,0.001,business_density_km2,
0901300011154,512.8995785795046,LL,0.006,business_density_km2,
0901300011173,567.0707860774345,LL,0.015,business_density_km2,
0901300011188,481.9277108433735,LL,0.001,business_density_km2,
0901300011243,10.490733185685977,LL,0.033,business_density_km2,
0901300011262,87.71929824561403,LL,0.002,business_density_km2,
0901300011277,300.37999879365464,LL,0.039,business_density_km2,
0901300011296,101.57273918741808,LL,0.015,business_density_km2,
0901300011309,139.6431342125679,LL,0.009,business_density_km2,
0901300011328,236.78845852281634,LL,0.015,business_density_km2,
0901300011332,764.5341120254845,LL,0.018,business_density_km2,
0901300011366,150.53169451733186,LL,0.009,business_density_km2,
0901300011370,194.48094612352168,LL,0.025,business_density_km2,
090130001139A,121.10726643598616,LL,0.002,business_density_km2,
0901300011402,306.33802816901414,LL,0.005,business_density_km2,
0901300011417,122.88135593220339,LL,0.006,business_density_km2,
0901300011436,97.5473801560758,LL,0.001,business_density_km2,
0901300011440,198.7767584097859,LL,0.001,business_density_km2,
0901300011455,39.73052340646053,LL,0.025,business_density_km2,
090130001146A,54.827901309777644,LL,0.032,business_density_km2,
0901300011474,167.4730182359509,LL,0.007,business_density_km2,
0901300011489,34.75238922675934,LL,0.023,business_density_km2,
0901300011493,189.2744479495268,LL,0.011,business_density_km2,
0901300011506,24.13793103448276,LL,0.007,business_density_km2,
0901300011525,121.95121951219512,LL,0.007,business_density_km2,
0901300011544,227.27272727272725,LL,0.009,business_density_km2,
0901300011559,139.38007073018514,LL,0.009,business_density_km2,
0901300011563,54.249547920434,LL,0.039,business_density_km2,
0901300011578,77.51937984496124,LL,0.023,business_density_km2,
0901600010317,319.0184049079754,LL,0.028,business_density_km2,
0901600010336,419.35483870967744,LL,0.016,business_density_km2,
0901600010514,74.20091324200914,LL,0.001,business_density_km2,
0901600010853,33.7609723160027,LL,0.006,business_density_km2,
0901600010904,7.090522335145356,LL,0.001,business_density_km2,
0901600010919,80.69003895381191,LL,0.001,business_density_km2,
0901600010923,65.36897152818129,LL,0.001,business_density_km2,
0901600011048,16.539177175935496,LL,0.001,business_density_km2,
0901600011052,63.28001406222535,LL,0.001,business_density_km2,
0901600011067,56.16065350578625,LL,0.001,business_density_km2,
0901600011071,10.839716722069664,LL,0.001,business_density_km2,
090160001125A,1.9704433497536948,LL,0.001,business_density_km2,
0901600011279,17.914725904693658,LL,0.001,business_density_km2,
0901600011283,85.25681014763984,LL,0.001,business_density_km2,
0901600011298,8.036001285760205,LL,0.001,business_density_km2,
0901600011300,74.5320083198521,LL,0.001,business_density_km2,
0901700010935,54.10279531109107,LL,0.032,business_density_km2,
0900200010877,,HH,0.034,crime_rate_per_1k,182.70401948842874
0900200011165,,HH,0.046,crime_rate_per_1k,245.0
0900300010018,,HH,0.03,crime_rate_per_1k,41.616405307599514
0900300010022,,HH,0.015,crime_rate_per_1k,36.966220522625875
0900300010037,,HH,0.02,crime_rate_per_1k,44.817927170868344
0900300010111,,HH,0.033,crime_rate_per_1k,34.78260869565217
090030001054A,,HH,0.011,crime_rate_per_1k,109.6938775510204
0900300010963,,HH,0.019,crime_rate_per_1k,24.554941682013506
0900300011105,,HH,0.01,crime_rate_per_1k,95.88550983899822
0900500010510,,HH,0.046,crime_rate_per_1k,18.472906403940886
0900500010775,,HH,0.021,crime_rate_per_1k,22.528735632183906
0900500010883,,HH,0.033,crime_rate_per_1k,69.19060052219321
0900500010953,,HH,0.042,crime_rate_per_1k,43.303929430633524
0900500011097,,HH,0.038,crime_rate_per_1k,19.728729963008632
0900500011114,,HH,0.024,crime_rate_per_1k,24.147727272727273
0900500011129,,HH,0.026,crime_rate_per_1k,27.507163323782233
0900500011237,,HH,0.014,crime_rate_per_1k,30.32490974729242
0900500011260,,HH,0.038,crime_rate_per_1k,30.646515533165406
0900700012390,,HH,0.044,crime_rate_per_1k,37.07440100882724
0900700013651,,HH,0.032,crime_rate_per_1k,26.37444279346211
0901000011006,,HH,0.03,crime_rate_per_1k,21.305841924398624
0901000011129,,HH,0.036,crime_rate_per_1k,62.397372742200325
0901000011133,,HH,0.015,crime_rate_per_1k,36.31411711302769
0901000011190,,HH,0.033,crime_rate_per_1k,24.233576642335766
0901000011241,,HH,0.005,crime_rate_per_1k,20.34075104311544
0901000011260,,HH,0.009,crime_rate_per_1k,29.41176470588235
0901200010407,,HH,0.046,crime_rate_per_1k,39.57219251336898
0901200010426,,HH,0.035,crime_rate_per_1k,51.0677808727948
0901200010430,,HH,0.043,crime_rate_per_1k,31.29395218002813
0901200010962,,HH,0.043,crime_rate_per_1k,24.757804090419807
0901200010981,,HH,0.045,crime_rate_per_1k,21.978021978021978
0901400010577,,HH,0.049,crime_rate_per_1k,20.960554546954942
0901400010581,,HH,0.036,crime_rate_per_1k,42.226487523992326
0901400010613,,HH,0.008,crime_rate_per_1k,27.151828592537864
0901400010755,,HH,0.007,crime_rate_per_1k,20.02748870999411
090140001076A,,HH,0.008,crime_rate_per_1k,34.592737978410206
0901400010793,,HH,0.045,crime_rate_per_1k,31.26338329764454
0901400010806,,HH,0.045,crime_rate_per_1k,19.86875683558148
090140001083A,,HH,0.004,crime_rate_per_1k,19.588313413014607
0901400010952,,HH,0.003,crime_rate_per_1k,26.206538661131294
0901400010971,,HH,0.004,crime_rate_per_1k,24.600557950798883
0901500010199,,HH,0.031,crime_rate_per_1k,48.97959183673469
0901500010273,,HH,0.046,crime_rate_per_1k,45.45454545454545
0901500010396,,HH,0.035,crime_rate_per_1k,31.25
0901500010606,,HH,0.035,crime_rate_per_1k,26.32628639808536
0901500010610,,HH,0.004,crime_rate_per_1k,18.843161151214023
0901500010625,,HH,0.004,crime_rate_per_1k,41.41616566466266
090150001063A,,HH,0.001,crime_rate_per_1k,41.705498602050326
0901500010663,,HH,0.032,crime_rate_per_1k,39.7170837867247
0901500010697,,HH,0.018,crime_rate_per_1k,24.634775136064164
090150001070A,,HH,0.018,crime_rate_per_1k,78.46952010376135
0901500010714,,HH,0.012,crime_rate_per_1k,32.14156735283496
0901500010729,,HH,0.004,crime_rate_per_1k,270.1949860724234
0901500010733,,HH,0.01,crime_rate_per_1k,626.0162601626016
0901500010748,,HH,0.001,crime_rate_per_1k,100.77845571218178
0901500010752,,HH,0.001,crime_rate_per_1k,84.30913348946136
0901500010767,,HH,0.001,crime_rate_per_1k,1080.7692307692307
0901500010771,,HH,0.001,crime_rate_per_1k,309.39809926082364
0901500010786,,HH,0.026,crime_rate_per_1k,22.93120638085743
0901500010790,,HH,0.023,crime_rate_per_1k,33.1769436997319
0901500010803,,HH,0.001,crime_rate_per_1k,261.8069815195072
0901500010818,,HH,0.001,crime_rate_per_1k,1436.046511627907
0901500010822,,HH,0.023,crime_rate_per_1k,27.084818246614397
0901500010837,,HH,0.006,crime_rate_per_1k,81.9672131147541
0901500010841,,HH,0.007,crime_rate_per_1k,59.90016638935108
0901500010856,,HH,0.002,crime_rate_per_1k,31.0496118798515
0901500010860,,HH,0.004,crime_rate_per_1k,88.9261744966443
0901500010875,,HH,0.001,crime_rate_per_1k,38.64491844416562
090150001088A,,HH,0.001,crime_rate_per_1k,50.22376926902039
0901500010894,,HH,0.001,crime_rate_per_1k,35.15625
0901500010907,,HH,0.001,crime_rate_per_1k,45.041635124905376
0901500010926,,HH,0.023,crime_rate_per_1k,35.91619554373129
0901500010930,,HH,0.008,crime_rate_per_1k,250.79872204472844
0901500010945,,HH,0.001,crime_rate_per_1k,232.90203327171903
090150001095A,,HH,0.01,crime_rate_per_1k,418.6991869918699
0901500010979,,HH,0.031,crime_rate_per_1k,44.863731656184484
0901500010983,,HH,0.003,crime_rate_per_1k,51.93482688391039
0901500010998,,HH,0.008,crime_rate_per_1k,56.118143459915615
0901500011002,,HH,0.012,crime_rate_per_1k,65.16105146242133
0901500011017,,HH,0.045,crime_rate_per_1k,38.56324371970031
0901500011089,,HH,0.011,crime_rate_per_1k,36.92614770459082
0901500011106,,HH,0.028,crime_rate_per_1k,32.21649484536083
0901500011110,,HH,0.041,crime_rate_per_1k,29.01537973680038
090150001113A,,HH,0.049,crime_rate_per_1k,22.040996253030638
0901500011178,,HH,0.023,crime_rate_per_1k,21.92691029900332
0901500011182,,HH,0.035,crime_rate_per_1k,24.49379490529066
0901500011197,,HH,0.032,crime_rate_per_1k,77.11442786069652
090150001120A,,HH,0.039,crime_rate_per_1k,59.16844349680171
090160001068A,,HH,0.015,crime_rate_per_1k,68.69881710646042
0901600010694,,HH,0.042,crime_rate_per_1k,41.94260485651214
0901600010711,,HH,0.032,crime_rate_per_1k,40.064751112909754
090160001075A,,HH,0.016,crime_rate_per_1k,72.18045112781955
0901600010764,,HH,0.045,crime_rate_per_1k,60.17191977077364
0901600010779,,HH,0.023,crime_rate_per_1k,64.75903614457832
0901600010798,,HH,0.024,crime_rate_per_1k,391.5857605177994
0901600010849,,HH,0.019,crime_rate_per_1k,103.48977135980746
0901600010887,,HH,0.034,crime_rate_per_1k,113.51351351351352
0901600010891,,HH,0.012,crime_rate_per_1k,25.529865125240846
0901600010995,,HH,0.044,crime_rate_per_1k,29.41176470588235
0901600011014,,HH,0.028,crime_rate_per_1k,166.03773584905662
0901600011029,,HH,0.014,crime_rate_per_1k,34.17412530512612
0901600011160,,HH,0.024,crime_rate_per_1k,21.127765881513206
0901700010579,,HH,0.019,crime_rate_per_1k,39.860488290981564
0901700010668,,HH,0.012,crime_rate_per_1k,19.01385755720271
0901700010738,,HH,0.034,crime_rate_per_1k,19.771071800208116
0901700010899,,HH,0.025,crime_rate_per_1k,27.495908346972175
0901700011007,,HH,0.014,crime_rate_per_1k,23.850823937554207
0901700011064,,HH,0.044,crime_rate_per_1k,22.914218566392478
0901700011153,,HH,0.018,crime_rate_per_1k,28.24858757062147
0901700011168,,HH,0.027,crime_rate_per_1k,23.099133782483158
0900200010928,,HL,0.028,crime_rate_per_1k,88.53883758826724
0900500011504,,HL,0.018,crime_rate_per_1k,25.120772946859905
0900500013356,,HL,0.023,crime_rate_per_1k,26.45985401459854
0900700015662,,HL,0.037,crime_rate_per_1k,24.653979238754324
0901000010690,,HL,0.047,crime_rate_per_1k,29.328821206993794
0901000010811,,HL,0.025,crime_rate_per_1k,30.89430894308943
0901000010898,,HL,0.024,crime_rate_per_1k,19.745502413339185
0901000011025,,HL,0.049,crime_rate_per_1k,60.205580029368576
0901100011094,,HL,0.023,crime_rate_per_1k,58.394160583941606
0901300010599,,HL,0.042,crime_rate_per_1k,20.265003897116134
0900200011150,,LH,0.012,crime_rate_per_1k,6.884681583476764
0900300010361,,LH,0.024,crime_rate_per_1k,8.093070308548306
0900300010376,,LH,0.044,crime_rate_per_1k,0.7886435331230284
0900300010380,,LH,0.034,crime_rate_per_1k,15.082427218519818
0900300010554,,LH,0.011,crime_rate_per_1k,5.663254192986278
090030001061A,,LH,0.008,crime_rate_per_1k,9.854083759711958
0900300010785,,LH,0.008,crime_rate_per_1k,12.714776632302405
090030001079A,,LH,0.01,crime_rate_per_1k,9.16317067785383
0900300011529,,LH,0.008,crime_rate_per_1k,16.497016497016496
0900300011548,,LH,0.006,crime_rate_per_1k,7.362784471218206
0900300011552,,LH,0.01,crime_rate_per_1k,2.962085308056872
0900300011567,,LH,0.007,crime_rate_per_1k,2.972651605231867
0900300011571,,LH,0.009,crime_rate_per_1k,8.27250608272506
0900500010493,,LH,0.029,crime_rate_per_1k,9.512485136741974
0900500010633,,LH,0.035,crime_rate_per_1k,11.519881085098476
0900500010741,,LH,0.028,crime_rate_per_1k,14.763352149370386
0900500010760,,LH,0.029,crime_rate_per_1k,13.289036544850498
090050001078A,,LH,0.033,crime_rate_per_1k,14.261744966442953
0900500010879,,LH,0.02,crime_rate_per_1k,8.081896551724139
090050001110A,,LH,0.024,crime_rate_per_1k,11.122015047432123
0900500011379,,LH,0.024,crime_rate_per_1k,6.601870529983495
0900500011383,,LH,0.039,crime_rate_per_1k,10.997067448680351
0900500011400,,LH,0.024,crime_rate_per_1k,16.903313049357674
0900500011557,,LH,0.039,crime_rate_per_1k,9.828009828009828
0900500011561,,LH,0.045,crime_rate_per_1k,14.050387596899224
0900500013360,,LH,0.033,crime_rate_per_1k,4.021164021164021
0900600011037,,LH,0.021,crime_rate_per_1k,14.014466546112116
090060001108A,,LH,0.022,crime_rate_per_1k,14.241893076248905
0900700010182,,LH,0.022,crime_rate_per_1k,8.825526137135098
0900700010197,,LH,0.017,crime_rate_per_1k,9.41346850108617
0900700010407,,LH,0.025,crime_rate_per_1k,9.036144578313253
0900700010750,,LH,0.017,crime_rate_per_1k,8.809626128061883
0900700012047,,LH,0.034,crime_rate_per_1k,6.331658291457287
0900700012102,,LH,0.032,crime_rate_per_1k,15.935141179759576
0900700012174,,LH,0.019,crime_rate_per_1k,13.62281822051937
0900700012456,,LH,0.025,crime_rate_per_1k,10.204081632653061
0901000011275,,LH,0.007,crime_rate_per_1k,9.61219754723235
090110001001A,,LH,0.023,crime_rate_per_1k,9.064965586704718
0901100010058,,LH,0.039,crime_rate_per_1k,17.177914110429448
0901200010572,,LH,0.038,crime_rate_per_1k,12.338248570568764
0901200011994,,LH,0.048,crime_rate_per_1k,5.959849435382685
0901400010702,,LH,0.044,crime_rate_per_1k,13.585638039786511
0901400010721,,LH,0.045,crime_rate_per_1k,10.95951688660255
0901400010810,,LH,0.009,crime_rate_per_1k,13.310433662516102
0901400010933,,LH,0.031,crime_rate_per_1k,17.973856209150327
0901400010948,,LH,0.02,crime_rate_per_1k,7.8817733990147785
0901500010184,,LH,0.046,crime_rate_per_1k,9.91236891251257
0901500010201,,LH,0.034,crime_rate_per_1k,7.444168734491315
0901500010292,,LH,0.041,crime_rate_per_1k,14.104372355430183
0901500010362,,LH,0.049,crime_rate_per_1k,2.061248527679623
0901500010377,,LH,0.038,crime_rate_per_1k,15.238095238095237
0901500010381,,LH,0.035,crime_rate_per_1k,14.297729184188393
0901500010428,,LH,0.034,crime_rate_per_1k,10.773130544993663
0901500010447,,LH,0.046,crime_rate_per_1k,5.0215208034433285
0901500010470,,LH,0.043,crime_rate_per_1k,11.950427854824431
0901500010485,,LH,0.042,crime_rate_per_1k,17.487112099464266
0901500010502,,LH,0.028,crime_rate_per_1k,15.12623734845957
0901500010517,,LH,0.041,crime_rate_per_1k,13.076557299096528
0901500010911,,LH,0.007,crime_rate_per_1k,13.371328364752301
0901500011074,,LH,0.029,crime_rate_per_1k,11.767782426778243
0901500011125,,LH,0.046,crime_rate_per_1k,16.556674771332638
0901500011549,,LH,0.032,crime_rate_per_1k,14.690668321953238
0901600010745,,LH,0.014,crime_rate_per_1k,8.026267785479751
0901600010783,,LH,0.016,crime_rate_per_1k,14.211136890951277
0901600011090,,LH,0.045,crime_rate_per_1k,13.105835806132543
0901600011122,,LH,0.014,crime_rate_per_1k,16.336633663366335
0901600011141,,LH,0.016,crime_rate_per_1k,13.745704467353951
0901700010583,,LH,0.014,crime_rate_per_1k,14.72942683317323
0901700010691,,LH,0.015,crime_rate_per_1k,15.082956259426847
0901700010719,,LH,0.033,crime_rate_per_1k,17.069701280227594
0901700010780,,LH,0.013,crime_rate_per_1k,10.708589655958077
0901700010935,,LH,0.049,crime_rate_per_1k,5.064893953782843
0901700011011,,LH,0.011,crime_rate_per_1k,11.284722222222221
0901700011079,,LH,0.045,crime_rate_per_1k,17.441860465116278
0901700011187,,LH,0.019,crime_rate_per_1k,15.905383360522023
0901700011204,,LH,0.013,crime_rate_per_1k,13.594164456233422
0900200010010,,LL,0.041,crime_rate_per_1k,8.482563619227145
0900300011586,,LL,0.016,crime_rate_per_1k,0.0
0900300011590,,LL,0.019,crime_rate_per_1k,5.151983513652756
0900400010138,,LL,0.037,crime_rate_per_1k,7.941674261163911
0900400010176,,LL,0.03,crime_rate_per_1k,4.9504950495049505
0900400010180,,LL,0.04,crime_rate_per_1k,4.788384306456596
0900400010250,,LL,0.045,crime_rate_per_1k,8.293838862559241
090040001027A,,LL,0.036,crime_rate_per_1k,10.484927916120578
0900400010405,,LL,0.022,crime_rate_per_1k,7.053844345168117
0900500010012,,LL,0.001,crime_rate_per_1k,4.3628013777267505
0900500010027,,LL,0.003,crime_rate_per_1k,3.9069437044929853
0900500010050,,LL,0.01,crime_rate_per_1k,8.378216636744465
0900500010084,,LL,0.023,crime_rate_per_1k,7.656065959952886
0900500010099,,LL,0.007,crime_rate_per_1k,5.297098111469369
0900500010101,,LL,0.017,crime_rate_per_1k,8.63226549012085
0900500010135,,LL,0.007,crime_rate_per_1k,3.816793893129771
090050001014A,,LL,0.018,crime_rate_per_1k,4.712746858168761
0900500010154,,LL,0.017,crime_rate_per_1k,8.43108504398827
0900500010169,,LL,0.004,crime_rate_per_1k,6.176730114710702
0900500010192,,LL,0.01,crime_rate_per_1k,9.546109510086456
0900500010205,,LL,0.003,crime_rate_per_1k,4.102887801798959
0900500010224,,LL,0.019,crime_rate_per_1k,7.954922108054359
0900500010243,,LL,0.001,crime_rate_per_1k,4.472150697926549
0900500010258,,LL,0.001,crime_rate_per_1k,8.864499788940481
0900500010262,,LL,0.035,crime_rate_per_1k,4.972650422675286
0900500010309,,LL,0.044,crime_rate_per_1k,11.301989150090415
0900500010328,,LL,0.049,crime_rate_per_1k,10.372178157413057
090050001039A,,LL,0.017,crime_rate_per_1k,9.327701513551567
0900500011059,,LL,0.045,crime_rate_per_1k,6.07748797163839
0900500011523,,LL,0.035,crime_rate_per_1k,8.590751233778104
0900500011932,,LL,0.046,crime_rate_per_1k,8.356545961002785
0900500012536,,LL,0.001,crime_rate_per_1k,4.284949116229245
0900500012574,,LL,0.002,crime_rate_per_1k,7.24418955629339
0900500012593,,LL,0.001,crime_rate_per_1k,4.715333566189312
0900500012606,,LL,0.012,crime_rate_per_1k,5.246913580246914
0900500012610,,LL,0.004,crime_rate_per_1k,5.733005733005733
0900500012625,,LL,0.002,crime_rate_per_1k,5.199550309162451
0900500012729,,LL,0.007,crime_rate_per_1k,4.893238434163701
0900500012733,,LL,0.002,crime_rate_per_1k,8.474576271186441
0900500012748,,LL,0.016,crime_rate_per_1k,4.9286640726329445
0900500012752,,LL,0.029,crime_rate_per_1k,3.0388031790556336
0900500012767,,LL,0.003,crime_rate_per_1k,5.734369219385868
0900500012771,,LL,0.019,crime_rate_per_1k,4.706805255932536
0900500012790,,LL,0.027,crime_rate_per_1k,4.095004095004095
0900500012822,,LL,0.003,crime_rate_per_1k,8.942661756970017
0900500012837,,LL,0.044,crime_rate_per_1k,5.429864253393665
0900500012841,,LL,0.035,crime_rate_per_1k,5.378568473314026
0900500012964,,LL,0.001,crime_rate_per_1k,4.091653027823241
0900500012979,,LL,0.001,crime_rate_per_1k,1.9841269841269842
0900500012983,,LL,0.001,crime_rate_per_1k,2.07284572105419
0900500012998,,LL,0.001,crime_rate_per_1k,6.317119393556538
0900500013017,,LL,0.001,crime_rate_per_1k,3.116883116883117
0900500013089,,LL,0.004,crime_rate_per_1k,10.205336284273946
0900500013182,,LL,0.011,crime_rate_per_1k,2.7014858171994596
0900500013197,,LL,0.003,crime_rate_per_1k,1.1441647597254005
0900500013214,,LL,0.001,crime_rate_per_1k,3.0959752321981426
0900500013229,,LL,0.01,crime_rate_per_1k,3.386004514672686
0900500013233,,LL,0.001,crime_rate_per_1k,4.521359526036795
0900500013248,,LL,0.003,crime_rate_per_1k,2.295603037259403
0900500013252,,LL,0.002,crime_rate_per_1k,6.241997439180538
0900500013267,,LL,0.014,crime_rate_per_1k,2.33341975628727
0900500013271,,LL,0.001,crime_rate_per_1k,5.393996247654784
0900500013286,,LL,0.004,crime_rate_per_1k,4.635352286773795
0900500013318,,LL,0.017,crime_rate_per_1k,4.879182156133829
0900500013322,,LL,0.001,crime_rate_per_1k,3.3936651583710407
0900500013341,,LL,0.023,crime_rate_per_1k,17.49893299189074
0900500013411,,LL,0.002,crime_rate_per_1k,4.305890458146744
0900500013426,,LL,0.012,crime_rate_per_1k,1.637331150225133
0900500013430,,LL,0.001,crime_rate_per_1k,3.6823935558112773
0900500013445,,LL,0.001,crime_rate_per_1k,1.157675387821255
0900700010445,,LL,0.041,crime_rate_per_1k,8.316008316008316
0900700010568,,LL,0.032,crime_rate_per_1k,7.021750299708854
0900700010638,,LL,0.018,crime_rate_per_1k,10.091302258529554
0900700011655,,LL,0.019,crime_rate_per_1k,11.029411764705882
0900700011890,,LL,0.039,crime_rate_per_1k,8.474576271186441
0900700011918,,LL,0.02,crime_rate_per_1k,9.489198465576418
0900700011941,,LL,0.004,crime_rate_per_1k,8.945386064030131
0900700011994,,LL,0.038,crime_rate_per_1k,10.827477412878245
0900700012085,,LL,0.023,crime_rate_per_1k,5.863079841351957
0900700012193,,LL,0.004,crime_rate_per_1k,8.155339805825243
0900700012441,,LL,0.02,crime_rate_per_1k,8.974646623289209
0900700012615,,LL,0.03,crime_rate_per_1k,4.161248374512354
090070001262A,,LL,0.008,crime_rate_per_1k,6.25920471281296
0900700012634,,LL,0.035,crime_rate_per_1k,3.5714285714285716
0900700012649,,LL,0.035,crime_rate_per_1k,2.3207240659085633
0900700012653,,LL,0.016,crime_rate_per_1k,4.960606944849723
0900700012668,,LL,0.02,crime_rate_per_1k,4.913294797687861
0900700012672,,LL,0.003,crime_rate_per_1k,5.802707930367505
0900700012704,,LL,0.009,crime_rate_per_1k,5.781499202551834
0900700012719,,LL,0.001,crime_rate_per_1k,6.412997007268063
0900700012723,,LL,0.018,crime_rate_per_1k,6.765067650676507
0900700012738,,LL,0.002,crime_rate_per_1k,7.763511495968946
0900700012757,,LL,0.007,crime_rate_per_1k,10.395768739741017
0900700012776,,LL,0.031,crime_rate_per_1k,8.046266029670607
0900700012780,,LL,0.003,crime_rate_per_1k,5.3841676367869615
0900700012795,,LL,0.008,crime_rate_per_1k,14.699792960662526
0900700012831,,LL,0.013,crime_rate_per_1k,13.138686131386862
0900700012850,,LL,0.003,crime_rate_per_1k,12.915636163781258
090070001287A,,LL,0.016,crime_rate_per_1k,10.143406785589367
0900700012920,,LL,0.019,crime_rate_per_1k,5.6964351341418595
0900700012935,,LL,0.002,crime_rate_per_1k,3.0019424333392193
090070001294A,,LL,0.002,crime_rate_per_1k,5.3120849933598935
0900700012954,,LL,0.002,crime_rate_per_1k,7.092198581560283
0900700012973,,LL,0.002,crime_rate_per_1k,2.931769722814499
0900700012988,,LL,0.019,crime_rate_per_1k,7.456724367509986
0900700013030,,LL,0.003,crime_rate_per_1k,5.807814149947202
090070001305A,,LL,0.018,crime_rate_per_1k,9.085309516476748
0900700013064,,LL,0.017,crime_rate_per_1k,8.913356927513435
0900700013079,,LL,0.009,crime_rate_per_1k,12.16436730455422
0900700013083,,LL,0.005,crime_rate_per_1k,3.024372887386586
0900700013100,,LL,0.002,crime_rate_per_1k,5.516154452324665
0900700013115,,LL,0.003,crime_rate_per_1k,4.849498327759197
0900700013134,,LL,0.003,crime_rate_per_1k,8.303061754021796
0900700013149,,LL,0.002,crime_rate_per_1k,5.178663904712584
0900700013153,,LL,0.002,crime_rate_per_1k,4.775280898876405
0900700013219,,LL,0.012,crime_rate_per_1k,5.910941810061736
0900700013223,,LL,0.007,crime_rate_per_1k,6.223205642373116
0900700013238,,LL,0.001,crime_rate_per_1k,5.333333333333333
0900700013242,,LL,0.004,crime_rate_per_1k,3.8309441423628274
0900700013257,,LL,0.001,crime_rate_per_1k,6.421338602123981
0900700013276,,LL,0.001,crime_rate_per_1k,5.605730302086577
0900700013295,,LL,0.007,crime_rate_per_1k,7.89980732177264
0900700013327,,LL,0.026,crime_rate_per_1k,7.383672332125941
0900700013346,,LL,0.002,crime_rate_per_1k,5.838323353293413
0900700013365,,LL,0.019,crime_rate_per_1k,3.648155654641265
090070001337A,,LL,0.004,crime_rate_per_1k,4.520074448285031
0900700013401,,LL,0.002,crime_rate_per_1k,4.690949227373069
0900700013420,,LL,0.002,crime_rate_per_1k,3.7192003719200373
0900700013492,,LL,0.005,crime_rate_per_1k,11.555555555555555
0900700013505,,LL,0.028,crime_rate_per_1k,8.58293921877737
090070001351A,,LL,0.033,crime_rate_per_1k,6.134969325153374
0900700013539,,LL,0.016,crime_rate_per_1k,5.720572057205721
0900700013670,,LL,0.038,crime_rate_per_1k,4.103306782524741
0900700013793,,LL,0.046,crime_rate_per_1k,7.2447362463210325
0900700014024,,LL,0.019,crime_rate_per_1k,3.932785126921702
0900700014043,,LL,0.024,crime_rate_per_1k,6.112746207833371
0900700014062,,LL,0.019,crime_rate_per_1k,6.354515050167224
0900700014077,,LL,0.007,crime_rate_per_1k,2.946748053041465
0900700014081,,LL,0.004,crime_rate_per_1k,2.478551000953289
0900700014096,,LL,0.015,crime_rate_per_1k,6.938968616937392
0900700014109,,LL,0.006,crime_rate_per_1k,5.470174524615786
0900700014113,,LL,0.004,crime_rate_per_1k,8.853910477127398
0900700014151,,LL,0.01,crime_rate_per_1k,3.450655624568668
0900700014166,,LL,0.009,crime_rate_per_1k,5.660377358490566
0900700014170,,LL,0.017,crime_rate_per_1k,6.029477445288075
0900700014185,,LL,0.024,crime_rate_per_1k,3.5879036391594052
090070001419A,,LL,0.027,crime_rate_per_1k,1.5064778547755349
0900700014202,,LL,0.006,crime_rate_per_1k,6.831767719897523
0900700014236,,LL,0.032,crime_rate_per_1k,3.75
0900700014240,,LL,0.01,crime_rate_per_1k,7.13436385255648
090070001426A,,LL,0.006,crime_rate_per_1k,4.459957339538492
0900700014274,,LL,0.016,crime_rate_per_1k,3.2388663967611335
0900700014289,,LL,0.022,crime_rate_per_1k,4.922874958976042
0900700014310,,LL,0.006,crime_rate_per_1k,7.214015802129852
090070001433A,,LL,0.031,crime_rate_per_1k,6.220452848967405
0900700014344,,LL,0.032,crime_rate_per_1k,7.526881720430108
0900700014382,,LL,0.007,crime_rate_per_1k,5.919854280510018
0900700014397,,LL,0.021,crime_rate_per_1k,7.317073170731708
0900700014433,,LL,0.008,crime_rate_per_1k,9.330845107971207
0900700014452,,LL,0.007,crime_rate_per_1k,3.061224489795918
0900700014467,,LL,0.009,crime_rate_per_1k,0.45599635202918376
0900700014471,,LL,0.001,crime_rate_per_1k,4.8372911169744945
0900700014503,,LL,0.025,crime_rate_per_1k,0.9874105159219946
0900700014522,,LL,0.001,crime_rate_per_1k,4.005340453938585
0900700014537,,LL,0.005,crime_rate_per_1k,0.0
0900700014541,,LL,0.001,crime_rate_per_1k,3.9564787339268053
0900700014556,,LL,0.001,crime_rate_per_1k,3.762935089369708
0900700014575,,LL,0.035,crime_rate_per_1k,7.575757575757576
0900700014594,,LL,0.002,crime_rate_per_1k,1.7182130584192439
0900700014611,,LL,0.001,crime_rate_per_1k,3.9946737683089215
0900700014645,,LL,0.018,crime_rate_per_1k,10.97972972972973
0900700014679,,LL,0.035,crime_rate_per_1k,4.545454545454546
0900700014749,,LL,0.002,crime_rate_per_1k,7.180156657963447
0900700014768,,LL,0.004,crime_rate_per_1k,7.219251336898396
0900700014772,,LL,0.012,crime_rate_per_1k,3.5046728971962615
0900700014838,,LL,0.029,crime_rate_per_1k,8.333333333333334
0900700014842,,LL,0.003,crime_rate_per_1k,10.026385224274406
0900700014857,,LL,0.002,crime_rate_per_1k,4.720406681190995
0900700014861,,LL,0.017,crime_rate_per_1k,2.7901785714285716
0900700014876,,LL,0.003,crime_rate_per_1k,3.7960954446854664
0900700014880,,LL,0.007,crime_rate_per_1k,4.121125246371618
0900700014965,,LL,0.036,crime_rate_per_1k,5.347593582887701
0900700015037,,LL,0.049,crime_rate_per_1k,5.291005291005291
0900700015041,,LL,0.009,crime_rate_per_1k,3.6463081130355515
0900700015060,,LL,0.009,crime_rate_per_1k,9.947732254257293
0900700015075,,LL,0.001,crime_rate_per_1k,6.065400843881856
090070001508A,,LL,0.015,crime_rate_per_1k,4.055766793409379
0900700015094,,LL,0.026,crime_rate_per_1k,3.2981530343007917
0900700015130,,LL,0.034,crime_rate_per_1k,5.015432098765432
0900700015145,,LL,0.007,crime_rate_per_1k,6.699419383653416
090070001515A,,LL,0.007,crime_rate_per_1k,11.627906976744185
0900700015179,,LL,0.007,crime_rate_per_1k,5.08582326764145
0900700015183,,LL,0.004,crime_rate_per_1k,4.323499491353001
0900700015198,,LL,0.003,crime_rate_per_1k,9.384587619563256
0900700015215,,LL,0.004,crime_rate_per_1k,7.169682485489928
090070001522A,,LL,0.002,crime_rate_per_1k,10.371650821089023
0900700015249,,LL,0.009,crime_rate_per_1k,4.675810473815462
0900700015291,,LL,0.028,crime_rate_per_1k,6.156552330694811
0900700015319,,LL,0.001,crime_rate_per_1k,2.050380785002929
0900700015323,,LL,0.003,crime_rate_per_1k,5.555555555555555
0900700015338,,LL,0.001,crime_rate_per_1k,4.01491253226269
0900700015342,,LL,0.026,crime_rate_per_1k,5.950095969289827
0900700015376,,LL,0.035,crime_rate_per_1k,0.0
0900700015380,,LL,0.002,crime_rate_per_1k,7.283486969386594
0900700015450,,LL,0.008,crime_rate_per_1k,6.362058993637941
0900700015465,,LL,0.034,crime_rate_per_1k,2.2509848058525606
0900700015484,,LL,0.001,crime_rate_per_1k,6.022645145748013
0900700015499,,LL,0.004,crime_rate_per_1k,5.364327223960662
0900700015516,,LL,0.004,crime_rate_per_1k,7.327498473437818
0900700015520,,LL,0.026,crime_rate_per_1k,5.62271577171774
0900700015535,,LL,0.042,crime_rate_per_1k,3.8910505836575875
0900700015554,,LL,0.006,crime_rate_per_1k,4.14651002073255
0900700015569,,LL,0.02,crime_rate_per_1k,3.4030140982012638
0900700015573,,LL,0.003,crime_rate_per_1k,4.3465662126919735
0900700015588,,LL,0.006,crime_rate_per_1k,3.1272552321385616
090070001561A,,LL,0.002,crime_rate_per_1k,2.379064234734338
0900700015624,,LL,0.001,crime_rate_per_1k,5.48847420417124
0900700015728,,LL,0.046,crime_rate_per_1k,8.170961659333752
0900700015732,,LL,0.039,crime_rate_per_1k,3.3432392273402676
0900700015751,,LL,0.027,crime_rate_per_1k,3.528225806451613
0900700015766,,LL,0.002,crime_rate_per_1k,8.793356130923302
0900700015770,,LL,0.027,crime_rate_per_1k,3.9190071848465053
0900700015785,,LL,0.001,crime_rate_per_1k,10.0
090070001579A,,LL,0.038,crime_rate_per_1k,0.0
0900700015802,,LL,0.002,crime_rate_per_1k,0.0
0900700015817,,LL,0.002,crime_rate_per_1k,3.9682539682539684
0900700015821,,LL,0.001,crime_rate_per_1k,2.1367521367521367
0900700015836,,LL,0.009,crime_rate_per_1k,2.032520325203252
0900700015840,,LL,0.001,crime_rate_per_1k,3.9735099337748343
090070001586A,,LL,0.014,crime_rate_per_1k,1.5854141894569957
0900700015874,,LL,0.001,crime_rate_per_1k,4.2997542997543
0900700015893,,LL,0.034,crime_rate_per_1k,5.192107995846314
0900700015925,,LL,0.035,crime_rate_per_1k,4.379961675335341
090070001593A,,LL,0.041,crime_rate_per_1k,3.5842293906810037
0900800010090,,LL,0.029,crime_rate_per_1k,8.411517308314462
0900800010584,,LL,0.046,crime_rate_per_1k,8.844561535566429
0901000010205,,LL,0.001,crime_rate_per_1k,1.8796992481203008
0901000010258,,LL,0.015,crime_rate_per_1k,1.3623978201634876
0901000010262,,LL,0.005,crime_rate_per_1k,2.2172949002217295
0901000010328,,LL,0.031,crime_rate_per_1k,9.11194677466011
0901000010347,,LL,0.013,crime_rate_per_1k,8.83061279100883
0901000010351,,LL,0.01,crime_rate_per_1k,5.417607223476298
0901000010440,,LL,0.049,crime_rate_per_1k,7.582139848357203
0901000010544,,LL,0.013,crime_rate_per_1k,7.655116841257051
0901000010559,,LL,0.019,crime_rate_per_1k,9.278785322648671
0901000010578,,LL,0.004,crime_rate_per_1k,5.456634118322803
0901000010667,,LL,0.004,crime_rate_per_1k,12.17564870259481
0901000010671,,LL,0.021,crime_rate_per_1k,4.172461752433936
0901000010741,,LL,0.039,crime_rate_per_1k,9.538461538461538
0901000010760,,LL,0.021,crime_rate_per_1k,4.756242568370987
0901000010775,,LL,0.005,crime_rate_per_1k,1.4326647564469914
0901000010864,,LL,0.022,crime_rate_per_1k,7.236620666442275
0901000010953,,LL,0.013,crime_rate_per_1k,8.234688625836336
0901000011078,,LL,0.022,crime_rate_per_1k,7.309195988441272
0901000011148,,LL,0.013,crime_rate_per_1k,3.9795338260375215
0901000011330,,LL,0.023,crime_rate_per_1k,7.193409908342035
0901000011345,,LL,0.017,crime_rate_per_1k,8.454608454608454
0901000011364,,LL,0.031,crime_rate_per_1k,11.693017127799736
0901000011468,,LL,0.01,crime_rate_per_1k,3.076923076923077
0901000011487,,LL,0.01,crime_rate_per_1k,5.616763879887665
0901000011519,,LL,0.015,crime_rate_per_1k,9.46236559139785
0901000011557,,LL,0.024,crime_rate_per_1k,6.92979813196746
0901000011561,,LL,0.029,crime_rate_per_1k,8.49673202614379
0901000011580,,LL,0.013,crime_rate_per_1k,4.803967147063381
0901000011595,,LL,0.04,crime_rate_per_1k,6.293367758592868
090100001167A,,LL,0.033,crime_rate_per_1k,7.31374736581133
0901000011684,,LL,0.036,crime_rate_per_1k,6.359300476947536
0901000011699,,LL,0.021,crime_rate_per_1k,11.184490839369408
0901000011720,,LL,0.024,crime_rate_per_1k,7.818226239921818
090100001174A,,LL,0.047,crime_rate_per_1k,4.500900180036007
0901000011769,,LL,0.005,crime_rate_per_1k,4.707060590886329
0901000011843,,LL,0.002,crime_rate_per_1k,9.294566253574834
0901000011858,,LL,0.042,crime_rate_per_1k,5.890649630797312
0901000011913,,LL,0.001,crime_rate_per_1k,5.272407732864675
0901000011932,,LL,0.014,crime_rate_per_1k,5.641218503196691
0901000011947,,LL,0.03,crime_rate_per_1k,7.009345794392523
0901000011951,,LL,0.009,crime_rate_per_1k,6.823098685305375
0901000011966,,LL,0.013,crime_rate_per_1k,8.871989860583016
0901000011970,,LL,0.045,crime_rate_per_1k,5.647165123108199
0901000011985,,LL,0.034,crime_rate_per_1k,5.281285878300804
0901000012019,,LL,0.011,crime_rate_per_1k,11.610143599144516
0901000012042,,LL,0.025,crime_rate_per_1k,5.7187418767871065
0901000012095,,LL,0.018,crime_rate_per_1k,5.360014293371449
0901000012216,,LL,0.002,crime_rate_per_1k,7.6720210980580195
0901000012220,,LL,0.02,crime_rate_per_1k,6.2199604184337005
0901000012235,,LL,0.013,crime_rate_per_1k,11.087267525035765
0901000012343,,LL,0.014,crime_rate_per_1k,8.019740900678594
0901100010185,,LL,0.039,crime_rate_per_1k,14.598540145985401
0901100010594,,LL,0.033,crime_rate_per_1k,11.596907491335644
0901100011111,,LL,0.033,crime_rate_per_1k,13.948256467941507
0901100011338,,LL,0.044,crime_rate_per_1k,12.300810735253005
0901100011357,,LL,0.019,crime_rate_per_1k,10.233274647887324
0901100011395,,LL,0.023,crime_rate_per_1k,10.00555864369094
0901200011212,,LL,0.007,crime_rate_per_1k,12.394366197183098
0901200011299,,LL,0.006,crime_rate_per_1k,7.5075075075075075
0901200011462,,LL,0.043,crime_rate_per_1k,12.075540221536226
0901200011509,,LL,0.005,crime_rate_per_1k,10.484927916120578
0901200012047,,LL,0.034,crime_rate_per_1k,4.48817538408424
0901200012136,,LL,0.004,crime_rate_per_1k,7.034747388616499
0901200012140,,LL,0.017,crime_rate_per_1k,6.600153491941673
0901200012155,,LL,0.038,crime_rate_per_1k,1.8533772652388798
0901200012225,,LL,0.009,crime_rate_per_1k,8.703481392557023
090120001223A,,LL,0.045,crime_rate_per_1k,8.108485949951069
0901200012278,,LL,0.01,crime_rate_per_1k,5.456198848135799
0901200012282,,LL,0.009,crime_rate_per_1k,3.9888312724371757
0901200012441,,LL,0.009,crime_rate_per_1k,7.110598635533775
0901200012456,,LL,0.045,crime_rate_per_1k,9.912767644726408
0901300010372,,LL,0.003,crime_rate_per_1k,9.600313479623825
0901300010438,,LL,0.022,crime_rate_per_1k,11.711125569290827
0901300010461,,LL,0.005,crime_rate_per_1k,7.3181887482848
0901300010601,,LL,0.003,crime_rate_per_1k,6.002400960384153
0901300010654,,LL,0.011,crime_rate_per_1k,9.395973154362416
0901300010692,,LL,0.044,crime_rate_per_1k,7.338167205381323
0901300010739,,LL,0.019,crime_rate_per_1k,2.112676056338028
0901300010743,,LL,0.001,crime_rate_per_1k,5.3555489437667365
0901300010758,,LL,0.008,crime_rate_per_1k,5.883684091423399
0901300010762,,LL,0.006,crime_rate_per_1k,4.57516339869281
0901300010777,,LL,0.005,crime_rate_per_1k,4.75963826749167
0901300010851,,LL,0.028,crime_rate_per_1k,6.523407521105142
0901300010866,,LL,0.011,crime_rate_per_1k,3.2467532467532467
0901300010870,,LL,0.001,crime_rate_per_1k,3.2817627754336613
090130001089A,,LL,0.001,crime_rate_per_1k,8.073817762399077
0901300011031,,LL,0.018,crime_rate_per_1k,4.9654838319002055
0901300011135,,LL,0.009,crime_rate_per_1k,9.438648782911079
0901300011188,,LL,0.023,crime_rate_per_1k,10.846689331390643
0901300011192,,LL,0.008,crime_rate_per_1k,4.702995603721501
0901300011296,,LL,0.001,crime_rate_per_1k,6.018518518518518
0901300011328,,LL,0.003,crime_rate_per_1k,4.795588058985733
0901300011370,,LL,0.02,crime_rate_per_1k,10.02049647005238
0901300011402,,LL,0.04,crime_rate_per_1k,5.57793616361946
0901300011436,,LL,0.001,crime_rate_per_1k,2.5806451612903225
0901300011440,,LL,0.028,crime_rate_per_1k,1.316655694535879
0901300011493,,LL,0.001,crime_rate_per_1k,2.109704641350211
0901300011559,,LL,0.001,crime_rate_per_1k,0.8080808080808081
0901300011563,,LL,0.026,crime_rate_per_1k,0.0
090160001082A,,LL,0.001,crime_rate_per_1k,10.845006778129237
0901600011264,,LL,0.004,crime_rate_per_1k,14.577259475218659
0901700010827,,LL,0.01,crime_rate_per_1k,10.969832959361755
0901700010865,,LL,0.023,crime_rate_per_1k,9.861048857014792
0901700011469,,LL,0.016,crime_rate_per_1k,2.949852507374631
0901700011473,,LL,0.001,crime_rate_per_1k,2.5402201524132093
0901700011488,,LL,0.002,crime_rate_per_1k,3.7071362372567194
0901700011505,,LL,0.007,crime_rate_per_1k,0.3979307600477517
0901700011524,,LL,0.006,crime_rate_per_1k,16.996507566938302
