,Business density,Business density,Business density,Business density,Business density,Business density,Business density,Business density,Business density,Business density,Crime rate,Crime rate,Crime rate,Crime rate,Crime rate,Crime rate,Crime rate,Crime rate,Crime rate,Crime rate
,n,HH,HH %,LL,LL %,HL,HL %,LH,LH %,share of city HH %,n,HH,HH %,LL,LL %,HL,HL %,LH,LH %,share of city HH %
mun_name,,,,,,,,,,,,,,,,,,,,
Cuauhtémoc,153,76,49.7,0,0.0,0,0.0,8,5.2,69.7,152,47,30.9,0,0.0,0,0.0,16,10.5,42.7
Venustiano Carranza,151,12,7.9,1,0.7,0,0.0,9,6.0,11.0,145,8,5.5,7,4.8,0,0.0,9,6.2,7.3
Miguel Hidalgo,130,7,5.4,16,12.3,2,1.5,5,3.8,6.4,114,14,12.3,2,1.8,0,0.0,5,4.4,12.7
Benito Juárez,102,4,3.9,0,0.0,0,0.0,1,1.0,3.7,102,10,9.8,0,0.0,0,0.0,5,4.9,9.1
Iztapalapa,458,4,0.9,13,2.8,3,0.7,0,0.0,3.7,453,2,0.4,164,36.2,1,0.2,8,1.8,1.8
Xochimilco,122,4,3.3,74,60.7,1,0.8,2,1.6,3.7,118,0,0.0,28,23.7,1,0.8,0,0.0,0.0
Iztacalco,110,2,1.8,0,0.0,0,0.0,3,2.7,1.8,107,0,0.0,0,0.0,0,0.0,2,1.9,0.0
Azcapotzalco,103,0,0.0,13,12.6,2,1.9,0,0.0,0.0,102,2,2.0,1,1.0,1,1.0,1,1.0,1.8
Coyoacán,156,0,0.0,27,17.3,5,3.2,0,0.0,0.0,155,7,4.5,2,1.3,0,0.0,12,7.7,6.4
Cuajimalpa de Morelos,28,0,0.0,10,35.7,1,3.6,0,0.0,0.0,28,0,0.0,6,21.4,0,0.0,0,0.0,0.0
Gustavo A. Madero,305,0,0.0,24,7.9,7,2.3,0,0.0,0.0,300,9,3.0,61,20.3,2,0.7,13,4.3,8.2
La Magdalena Contreras,52,0,0.0,9,17.3,1,1.9,0,0.0,0.0,52,0,0.0,2,3.8,0,0.0,0,0.0,0.0
Milpa Alta,8,0,0.0,2,25.0,0,0.0,0,0.0,0.0,8,0,0.0,0,0.0,0,0.0,0,0.0,0.0
Tlalpan,180,0,0.0,67,37.2,5,2.8,0,0.0,0.0,175,5,2.9,14,8.0,0,0.0,2,1.1,4.5
Tláhuac,91,0,0.0,8,8.8,2,2.2,0,0.0,0.0,90,0,0.0,6,6.7,1,1.1,2,2.2,0.0
Álvaro Obregón,199,0,0.0,48,24.1,4,2.0,0,0.0,0.0,196,6,3.1,51,26.0,4,2.0,1,0.5,5.5
