alcaldia,ageb_count,pop_total,area_km2,businesses_total,retail_total,services_total,crime_total,pop_density_km2,business_density_km2,retail_density_km2,service_density_km2,businesses_per_1k,services_share_pct,crime_rate_per_1k,crimes_per_100_businesses,dominant_sector,dominant_sector_share_pct,rank_pop_total,rank_pop_density_km2,rank_business_density_km2,rank_businesses_per_1k,rank_crime_rate_per_1k,rank_crimes_per_100_businesses
Cuauhtémoc,153,545884,32.3355,67538,34304,24988,16082,16881.879,2088.6642,1060.8774,772.773,123.7223,36.9984,29.4605,23.8118,Retail trade,50.7921,6,2,1,1,1,9
Benito Juárez,102,434153,26.549,24204,6947,14101,8627,16352.8946,911.6728,261.6671,531.1311,55.7499,58.259,19.8709,35.6429,Retail trade,28.7019,8,3,3,5,2,1
Miguel Hidalgo,130,414470,46.1546,25324,8203,13382,6795,8980.0367,548.6777,177.7288,289.9386,61.0997,52.8432,16.3944,26.8323,Retail trade,32.3922,11,12,8,3,3,8
Venustiano Carranza,151,443704,33.6658,30730,16859,10561,6724,13179.666,912.7958,500.7753,313.7011,69.2579,34.3671,15.1542,21.8809,Retail trade,54.8617,7,7,2,2,4,12
Iztacalco,110,404695,22.9628,17405,7606,7390,5382,17623.9396,757.9651,331.2314,321.8249,43.0077,42.4591,13.2989,30.9221,Retail trade,43.7001,12,1,5,11,5,3
Coyoacán,156,614447,53.6224,25010,9897,12473,8137,11458.7747,466.4096,184.5684,232.608,40.7033,49.8721,13.2428,32.535,Retail trade,39.5722,5,9,9,13,6,2
Azcapotzalco,103,432205,33.3233,18816,7715,8201,5074,12970.054,564.65,231.5197,246.1041,43.5349,43.5852,11.7398,26.9664,Retail trade,41.0023,9,8,7,9,7,7
Tlalpan,207,681501,93.2243,26039,11388,11786,7651,7310.3365,279.3156,122.157,126.4263,38.2083,45.2629,11.2267,29.3828,Retail trade,43.7344,4,13,14,14,8,5
La Magdalena Contreras,52,246428,18.1423,8448,3943,3669,2460,13583.0628,465.6521,217.3374,202.2346,34.2818,43.4304,9.9826,29.1193,Retail trade,46.6738,14,5,10,15,9,6
Álvaro Obregón,199,759003,69.4065,24591,10497,11250,7514,10935.6184,354.304,151.2394,162.0886,32.3991,45.7484,9.8998,30.5559,Retail trade,42.6863,3,10,12,16,10,4
Gustavo A. Madero,305,1173351,87.3782,50922,23120,21849,11566,13428.4181,582.7769,264.5969,250.0509,43.3988,42.9068,9.8572,22.7132,Retail trade,45.4028,2,6,6,10,11,10
Tláhuac,110,382271,39.1494,17491,8551,6697,3753,9764.4153,446.7757,218.4197,171.0626,45.7555,38.2883,9.8176,21.4567,Retail trade,48.888,13,11,11,8,12,13
Milpa Alta,42,128710,27.7942,7299,3947,2539,1233,4630.8223,262.6087,142.008,91.35,56.7089,34.7856,9.5797,16.8927,Retail trade,54.0759,16,16,16,4,13,16
Cuajimalpa de Morelos,31,212735,32.0275,8787,3801,3970,1981,6642.2606,274.358,118.6793,123.956,41.3049,45.1804,9.3121,22.5447,Retail trade,43.2571,15,15,15,12,14,11
Xochimilco,122,429481,63.9738,20047,11194,6822,3849,6713.3889,313.3627,174.9779,106.6374,46.6773,34.03,8.962,19.1999,Retail trade,55.8388,10,14,13,7,15,14
Iztapalapa,458,1835486,112.4366,88580,43459,32760,15457,16324.6309,787.8218,386.52,291.3642,48.2597,36.9835,8.4212,17.4498,Retail trade,49.0619,1,4,4,6,16,15
