month,incidents,month_name,calendar_days,incidents_per_day,right_censored,share_pct
1,15840,Jan,31,510.96774193548384,False,14.106959967938728
2,16220,Feb,29,559.3103448275862,False,14.445384512624127
3,17181,Mar,31,554.2258064516129,False,15.301242374315358
4,16957,Apr,30,565.2333333333333,False,15.101750011132387
5,17449,May,31,562.8709677419355,False,15.539920737409272
6,15675,Jun,30,522.5,False,13.9600124682727
7,12963,Jul,31,418.16129032258067,True,11.544729928307431
8,,Aug,0,,False,
9,,Sep,0,,False,
10,,Oct,0,,False,
11,,Nov,0,,False,
12,,Dec,0,,False,
